"Master MT accounts","Provider Nickname","Subscription_ID","Follower MT accounts","Server Name","Public agent","offer name","Performance Fee","Interval","Management Fee","Management Fee Interval","Registration Fee","filers","Public agents fee","additional agents"
"9014577","WSW AI","27135","9015209","MT4 Live 5",\N,"Wall Street Women AI","20.0","Weekly","null","Weekly","null","{""MinBalance"": null}","null","{""Chain"": []}"
"9014577","WSW AI","27136","9016355","MT4 Live 5",\N,"Wall Street Women AI","20.0","Weekly","null","Weekly","null","{""MinBalance"": null}","null","{""Chain"": []}"
"9014577","WSW AI","27150","9015229","MT4 Live 5",\N,"Wall Street Women AI","20.0","Weekly","null","Weekly","null","{""MinBalance"": null}","null","{""Chain"": []}"
"9014577","WSW AI","27151","50000256","MT4 Live 5",\N,"Wall Street Women AI","20.0","Weekly","null","Weekly","null","{""MinBalance"": null}","null","{""Chain"": []}"
"9014577","WSW AI","27152","50000173","MT4 Live 5",\N,"Wall Street Women AI","20.0","Weekly","null","Weekly","null","{""MinBalance"": null}","null","{""Chain"": []}"
"9014577","WSW AI","27153","9016032","MT4 Live 5",\N,"Wall Street Women AI","20.0","Weekly","null","Weekly","null","{""MinBalance"": null}","null","{""Chain"": []}"
"9014577","WSW AI","27154","50000356","MT4 Live 5",\N,"Wall Street Women AI","20.0","Weekly","null","Weekly","null","{""MinBalance"": null}","null","{""Chain"": []}"
"9014577","WSW AI","27155","9016327","MT4 Live 5",\N,"Wall Street Women AI","20.0","Weekly","null","Weekly","null","{""MinBalance"": null}","null","{""Chain"": []}"
"9014577","WSW AI","27156","50000399","MT4 Live 5",\N,"Wall Street Women AI","20.0","Weekly","null","Weekly","null","{""MinBalance"": null}","null","{""Chain"": []}"
"9014577","WSW AI","27157","9015124","MT4 Live 5",\N,"Wall Street Women AI","20.0","Weekly","null","Weekly","null","{""MinBalance"": null}","null","{""Chain"": []}"
"9014577","WSW AI","27158","9015135","MT4 Live 5",\N,"Wall Street Women AI","20.0","Weekly","null","Weekly","null","{""MinBalance"": null}","null","{""Chain"": []}"
"9014577","WSW AI","27159","50000530","MT4 Live 5",\N,"Wall Street Women AI","20.0","Weekly","null","Weekly","null","{""MinBalance"": null}","null","{""Chain"": []}"
"9014577","WSW AI","27175","9015226","MT4 Live 5",\N,"Wall Street Women AI","20.0","Weekly","null","Weekly","null","{""MinBalance"": null}","null","{""Chain"": []}"
"9014577","WSW AI","27178","9015920","MT4 Live 5",\N,"Wall Street Women AI","20.0","Weekly","null","Weekly","null","{""MinBalance"": null}","null","{""Chain"": []}"
"9014577","WSW AI","27180","50000489","MT4 Live 5",\N,"Wall Street Women AI","20.0","Weekly","null","Weekly","null","{""MinBalance"": null}","null","{""Chain"": []}"
"9014577","WSW AI","27181","9015302","MT4 Live 5",\N,"Wall Street Women AI","20.0","Weekly","null","Weekly","null","{""MinBalance"": null}","null","{""Chain"": []}"
"9014577","WSW AI","27183","50000529","MT4 Live 5",\N,"Wall Street Women AI","20.0","Weekly","null","Weekly","null","{""MinBalance"": null}","null","{""Chain"": []}"
"9014577","WSW AI","27184","9015257","MT4 Live 5",\N,"Wall Street Women AI","20.0","Weekly","null","Weekly","null","{""MinBalance"": null}","null","{""Chain"": []}"
"9014577","WSW AI","27186","50000042","MT4 Live 5",\N,"Wall Street Women AI","20.0","Weekly","null","Weekly","null","{""MinBalance"": null}","null","{""Chain"": []}"
"9014577","WSW AI","27187","9015530","MT4 Live 5",\N,"Wall Street Women AI","20.0","Weekly","null","Weekly","null","{""MinBalance"": null}","null","{""Chain"": []}"
"9014577","WSW AI","27189","9016386","MT4 Live 5",\N,"Wall Street Women AI","20.0","Weekly","null","Weekly","null","{""MinBalance"": null}","null","{""Chain"": []}"
"9014577","WSW AI","27190","9016426","MT4 Live 5",\N,"Wall Street Women AI","20.0","Weekly","null","Weekly","null","{""MinBalance"": null}","null","{""Chain"": []}"
"9014577","WSW AI","27191","50000181","MT4 Live 5",\N,"Wall Street Women AI","20.0","Weekly","null","Weekly","null","{""MinBalance"": null}","null","{""Chain"": []}"
"9014577","WSW AI","27201","50000119","MT4 Live 5",\N,"Wall Street Women AI","20.0","Weekly","null","Weekly","null","{""MinBalance"": null}","null","{""Chain"": []}"
"9014577","WSW AI","27205","9015931","MT4 Live 5",\N,"Wall Street Women AI","20.0","Weekly","null","Weekly","null","{""MinBalance"": null}","null","{""Chain"": []}"
"9014577","WSW AI","27210","9016406","MT4 Live 5",\N,"Wall Street Women AI","20.0","Weekly","null","Weekly","null","{""MinBalance"": null}","null","{""Chain"": []}"
"9014577","WSW AI","27212","50000100","MT4 Live 5",\N,"Wall Street Women AI","20.0","Weekly","null","Weekly","null","{""MinBalance"": null}","null","{""Chain"": []}"
"9014577","WSW AI","27215","9015142","MT4 Live 5",\N,"Wall Street Women AI","20.0","Weekly","null","Weekly","null","{""MinBalance"": null}","null","{""Chain"": []}"
"9014577","WSW AI","27217","50000115","MT4 Live 5",\N,"Wall Street Women AI","20.0","Weekly","null","Weekly","null","{""MinBalance"": null}","null","{""Chain"": []}"
"9014577","WSW AI","27218","9015856","MT4 Live 5",\N,"Wall Street Women AI","20.0","Weekly","null","Weekly","null","{""MinBalance"": null}","null","{""Chain"": []}"
"9014577","WSW AI","27220","9015458","MT4 Live 5",\N,"Wall Street Women AI","20.0","Weekly","null","Weekly","null","{""MinBalance"": null}","null","{""Chain"": []}"
"9014577","WSW AI","27221","50000039","MT4 Live 5",\N,"Wall Street Women AI","20.0","Weekly","null","Weekly","null","{""MinBalance"": null}","null","{""Chain"": []}"
"9014577","WSW AI","27295","50000046","MT4 Live 5",\N,"Wall Street Women AI","20.0","Weekly","null","Weekly","null","{""MinBalance"": null}","null","{""Chain"": []}"
"9014577","WSW AI","27296","50000790","MT4 Live 5",\N,"Wall Street Women AI","20.0","Weekly","null","Weekly","null","{""MinBalance"": null}","null","{""Chain"": []}"
"9014577","WSW AI","27299","50000494","MT4 Live 5",\N,"Wall Street Women AI","20.0","Weekly","null","Weekly","null","{""MinBalance"": null}","null","{""Chain"": []}"
"9014577","WSW AI","27303","9015520","MT4 Live 5",\N,"Wall Street Women AI","20.0","Weekly","null","Weekly","null","{""MinBalance"": null}","null","{""Chain"": []}"
"9014577","WSW AI","27308","9015556","MT4 Live 5",\N,"Wall Street Women AI","20.0","Weekly","null","Weekly","null","{""MinBalance"": null}","null","{""Chain"": []}"
"9014577","WSW AI","27318","50000539","MT4 Live 5",\N,"Wall Street Women AI","20.0","Weekly","null","Weekly","null","{""MinBalance"": null}","null","{""Chain"": []}"
"9014577","WSW AI","27322","50001468","MT4 Live 5",\N,"Wall Street Women AI","20.0","Weekly","null","Weekly","null","{""MinBalance"": null}","null","{""Chain"": []}"
"9014577","WSW AI","27455","50001597","MT4 Live 5",\N,"Wall Street Women AI","20.0","Weekly","null","Weekly","null","{""MinBalance"": null}","null","{""Chain"": []}"
"9014577","WSW AI","27493","50001636","MT4 Live 5",\N,"Wall Street Women AI","20.0","Weekly","null","Weekly","null","{""MinBalance"": null}","null","{""Chain"": []}"
"9014577","WSW AI","27514","9015304","MT4 Live 5",\N,"Wall Street Women AI","20.0","Weekly","null","Weekly","null","{""MinBalance"": null}","null","{""Chain"": []}"
"9014577","WSW AI","27626","50001836","MT4 Live 5",\N,"Wall Street Women AI","20.0","Weekly","null","Weekly","null","{""MinBalance"": null}","null","{""Chain"": []}"
"9014577","WSW AI","27778","50002117","MT4 Live 5",\N,"Wall Street Women AI","20.0","Weekly","null","Weekly","null","{""MinBalance"": null}","null","{""Chain"": []}"
"9014577","WSW AI","27782","50002020","MT4 Live 5",\N,"Wall Street Women AI","20.0","Weekly","null","Weekly","null","{""MinBalance"": null}","null","{""Chain"": []}"
"9014577","WSW AI","27783","50001600","MT4 Live 5",\N,"Wall Street Women AI","20.0","Weekly","null","Weekly","null","{""MinBalance"": null}","null","{""Chain"": []}"
"9014577","WSW AI","27784","50001605","MT4 Live 5",\N,"Wall Street Women AI","20.0","Weekly","null","Weekly","null","{""MinBalance"": null}","null","{""Chain"": []}"
"9014577","WSW AI","27855","50002121","MT4 Live 5",\N,"Wall Street Women AI","20.0","Weekly","null","Weekly","null","{""MinBalance"": null}","null","{""Chain"": []}"
"9014577","WSW AI","27947","50000499","MT4 Live 5",\N,"Wall Street Women AI","20.0","Weekly","null","Weekly","null","{""MinBalance"": null}","null","{""Chain"": []}"
"9014577","WSW AI","27949","50002297","MT4 Live 5",\N,"Wall Street Women AI","20.0","Weekly","null","Weekly","null","{""MinBalance"": null}","null","{""Chain"": []}"
"9014577","WSW AI","28032","50002290","MT4 Live 5",\N,"Wall Street Women AI","20.0","Weekly","null","Weekly","null","{""MinBalance"": null}","null","{""Chain"": []}"
"9014577","WSW AI","28047","50002444","MT4 Live 5",\N,"Wall Street Women AI","20.0","Weekly","null","Weekly","null","{""MinBalance"": null}","null","{""Chain"": []}"
"9014577","WSW AI","28083","50002476","MT4 Live 5",\N,"Wall Street Women AI","20.0","Weekly","null","Weekly","null","{""MinBalance"": null}","null","{""Chain"": []}"
"9014577","WSW AI","28111","50002526","MT4 Live 5",\N,"Wall Street Women AI","20.0","Weekly","null","Weekly","null","{""MinBalance"": null}","null","{""Chain"": []}"
"9014577","WSW AI","28114","50002439","MT4 Live 5",\N,"Wall Street Women AI","20.0","Weekly","null","Weekly","null","{""MinBalance"": null}","null","{""Chain"": []}"
"9014577","WSW AI","28304","50002712","MT4 Live 5",\N,"Wall Street Women AI","20.0","Weekly","null","Weekly","null","{""MinBalance"": null}","null","{""Chain"": []}"
"9014577","WSW AI","28310","50000288","MT4 Live 5",\N,"Wall Street Women AI","20.0","Weekly","null","Weekly","null","{""MinBalance"": null}","null","{""Chain"": []}"
"9014577","WSW AI","28357","50002860","MT4 Live 5",\N,"Wall Street Women AI","20.0","Weekly","null","Weekly","null","{""MinBalance"": null}","null","{""Chain"": []}"
"9014577","WSW AI","28370","50002888","MT4 Live 5",\N,"Wall Street Women AI","20.0","Weekly","null","Weekly","null","{""MinBalance"": null}","null","{""Chain"": []}"
"9014577","WSW AI","28371","50002884","MT4 Live 5",\N,"Wall Street Women AI","20.0","Weekly","null","Weekly","null","{""MinBalance"": null}","null","{""Chain"": []}"
"9014577","WSW AI","28500","50003036","MT4 Live 5",\N,"Wall Street Women AI","20.0","Weekly","null","Weekly","null","{""MinBalance"": null}","null","{""Chain"": []}"
"9014577","WSW AI","28661","50003329","MT4 Live 5",\N,"Wall Street Women AI","20.0","Weekly","null","Weekly","null","{""MinBalance"": null}","null","{""Chain"": []}"
"9014577","WSW AI","28663","50003324","MT4 Live 5",\N,"Wall Street Women AI","20.0","Weekly","null","Weekly","null","{""MinBalance"": null}","null","{""Chain"": []}"
"9014577","WSW AI","28678","50003177","MT4 Live 5",\N,"Wall Street Women AI","20.0","Weekly","null","Weekly","null","{""MinBalance"": null}","null","{""Chain"": []}"
"9014577","WSW AI","28709","50003387","MT4 Live 5",\N,"Wall Street Women AI","20.0","Weekly","null","Weekly","null","{""MinBalance"": null}","null","{""Chain"": []}"
"9014577","WSW AI","28712","50003355","MT4 Live 5",\N,"Wall Street Women AI","20.0","Weekly","null","Weekly","null","{""MinBalance"": null}","null","{""Chain"": []}"
"9014577","WSW AI","28742","50003428","MT4 Live 5",\N,"Wall Street Women AI","20.0","Weekly","null","Weekly","null","{""MinBalance"": null}","null","{""Chain"": []}"
"9014577","WSW AI","28743","50003421","MT4 Live 5",\N,"Wall Street Women AI","20.0","Weekly","null","Weekly","null","{""MinBalance"": null}","null","{""Chain"": []}"
"9014577","WSW AI","28856","50003705","MT4 Live 5",\N,"Wall Street Women AI","20.0","Weekly","null","Weekly","null","{""MinBalance"": null}","null","{""Chain"": []}"
"9014577","WSW AI","28858","50003709","MT4 Live 5",\N,"Wall Street Women AI","20.0","Weekly","null","Weekly","null","{""MinBalance"": null}","null","{""Chain"": []}"
"9014577","WSW AI","28893","50003435","MT4 Live 5",\N,"Wall Street Women AI","20.0","Weekly","null","Weekly","null","{""MinBalance"": null}","null","{""Chain"": []}"
"9014577","WSW AI","28894","50003836","MT4 Live 5",\N,"Wall Street Women AI","20.0","Weekly","null","Weekly","null","{""MinBalance"": null}","null","{""Chain"": []}"
"9014577","WSW AI","29047","50003941","MT4 Live 5",\N,"Wall Street Women AI","20.0","Weekly","null","Weekly","null","{""MinBalance"": null}","null","{""Chain"": []}"
"9014577","WSW AI","29104","50004181","MT4 Live 5",\N,"Wall Street Women AI","20.0","Weekly","null","Weekly","null","{""MinBalance"": null}","null","{""Chain"": []}"
"9014577","WSW AI","29435","50005226","MT4 Live 5",\N,"Wall Street Women AI","20.0","Weekly","null","Weekly","null","{""MinBalance"": null}","null","{""Chain"": []}"
"9014577","WSW AI","29437","50004517","MT4 Live 5",\N,"Wall Street Women AI","20.0","Weekly","null","Weekly","null","{""MinBalance"": null}","null","{""Chain"": []}"
"9014577","WSW AI","29511","50005583","MT4 Live 5",\N,"Wall Street Women AI","20.0","Weekly","null","Weekly","null","{""MinBalance"": null}","null","{""Chain"": []}"
"9014577","WSW AI","29561","50005611","MT4 Live 5",\N,"Wall Street Women AI","20.0","Weekly","null","Weekly","null","{""MinBalance"": null}","null","{""Chain"": []}"
"9014577","WSW AI","29696","50006125","MT4 Live 5",\N,"Wall Street Women AI","20.0","Weekly","null","Weekly","null","{""MinBalance"": null}","null","{""Chain"": []}"
"9014577","WSW AI","29773","50006268","MT4 Live 5",\N,"Wall Street Women AI","20.0","Weekly","null","Weekly","null","{""MinBalance"": null}","null","{""Chain"": []}"
"9014577","WSW AI","29827","50006472","MT4 Live 5",\N,"Wall Street Women AI","20.0","Weekly","null","Weekly","null","{""MinBalance"": null}","null","{""Chain"": []}"
"9014577","WSW AI","30149","50007343","MT4 Live 5",\N,"Wall Street Women AI","20.0","Weekly","null","Weekly","null","{""MinBalance"": null}","null","{""Chain"": []}"
"9014577","WSW AI","30164","50007364","MT4 Live 5",\N,"Wall Street Women AI","20.0","Weekly","null","Weekly","null","{""MinBalance"": null}","null","{""Chain"": []}"
"9014577","WSW AI","30167","50007362","MT4 Live 5",\N,"Wall Street Women AI","20.0","Weekly","null","Weekly","null","{""MinBalance"": null}","null","{""Chain"": []}"
"9014577","WSW AI","30248","50007610","MT4 Live 5",\N,"Wall Street Women AI","20.0","Weekly","null","Weekly","null","{""MinBalance"": null}","null","{""Chain"": []}"
"9014577","WSW AI","30258","50003490","MT4 Live 5",\N,"Wall Street Women AI","20.0","Weekly","null","Weekly","null","{""MinBalance"": null}","null","{""Chain"": []}"
"9014577","WSW AI","30259","50007634","MT4 Live 5",\N,"Wall Street Women AI","20.0","Weekly","null","Weekly","null","{""MinBalance"": null}","null","{""Chain"": []}"
"9014577","WSW AI","30334","50002510","MT4 Live 5",\N,"Wall Street Women AI","20.0","Weekly","null","Weekly","null","{""MinBalance"": null}","null","{""Chain"": []}"
"9014577","WSW AI","30538","50008191","MT4 Live 5",\N,"Wall Street Women AI","20.0","Weekly","null","Weekly","null","{""MinBalance"": null}","null","{""Chain"": []}"
"9014577","WSW AI","30821","50008421","MT4 Live 5",\N,"Wall Street Women AI","20.0","Weekly","null","Weekly","null","{""MinBalance"": null}","null","{""Chain"": []}"
"9014577","WSW AI","30891","50008757","MT4 Live 5",\N,"Wall Street Women AI","20.0","Weekly","null","Weekly","null","{""MinBalance"": null}","null","{""Chain"": []}"
"9014577","WSW AI","31002","50008817","MT4 Live 5",\N,"Wall Street Women AI","20.0","Weekly","null","Weekly","null","{""MinBalance"": null}","null","{""Chain"": []}"
"9014577","WSW AI","31010","943572","MT5 Live 1",\N,"Wall Street Women AI","20.0","Weekly","null","Weekly","null","{""MinBalance"": null}","null","{""Chain"": []}"
"9014577","WSW AI","31052","50009037","MT4 Live 5",\N,"Wall Street Women AI","20.0","Weekly","null","Weekly","null","{""MinBalance"": null}","null","{""Chain"": []}"
"9014577","WSW AI","31352","50009580","MT4 Live 5",\N,"Wall Street Women AI","20.0","Weekly","null","Weekly","null","{""MinBalance"": null}","null","{""Chain"": []}"
"9014577","WSW AI","31459","50009688","MT4 Live 5",\N,"Wall Street Women AI","20.0","Weekly","null","Weekly","null","{""MinBalance"": null}","null","{""Chain"": []}"
"9014577","WSW AI","31476","50009716","MT4 Live 5",\N,"Wall Street Women AI","20.0","Weekly","null","Weekly","null","{""MinBalance"": null}","null","{""Chain"": []}"
"9014577","WSW AI","31652","50011809","MT4 Live 5",\N,"Wall Street Women AI","20.0","Weekly","null","Weekly","null","{""MinBalance"": null}","null","{""Chain"": []}"
"9014577","WSW AI","31661","9015417","MT4 Live 5",\N,"Wall Street Women AI","20.0","Weekly","null","Weekly","null","{""MinBalance"": null}","null","{""Chain"": []}"
"9014577","WSW AI","31677","50008826","MT4 Live 5",\N,"Wall Street Women AI","20.0","Weekly","null","Weekly","null","{""MinBalance"": null}","null","{""Chain"": []}"
"9014577","WSW AI","31813","50012081","MT4 Live 5",\N,"Wall Street Women AI","20.0","Weekly","null","Weekly","null","{""MinBalance"": null}","null","{""Chain"": []}"
"9014577","WSW AI","32073","50012183","MT4 Live 5",\N,"Wall Street Women AI","20.0","Weekly","null","Weekly","null","{""MinBalance"": null}","null","{""Chain"": []}"
"9014577","WSW AI","32369","50012484","MT4 Live 5",\N,"Wall Street Women AI","20.0","Weekly","null","Weekly","null","{""MinBalance"": null}","null","{""Chain"": []}"
"9014577","WSW AI","32523","50012564","MT4 Live 5",\N,"Wall Street Women AI","20.0","Weekly","null","Weekly","null","{""MinBalance"": null}","null","{""Chain"": []}"
"9014577","WSW AI","32583","50012392","MT4 Live 5",\N,"Wall Street Women AI","20.0","Weekly","null","Weekly","null","{""MinBalance"": null}","null","{""Chain"": []}"
"9014577","WSW AI","32684","50012776","MT4 Live 5",\N,"Wall Street Women AI","20.0","Weekly","null","Weekly","null","{""MinBalance"": null}","null","{""Chain"": []}"
"9014577","WSW AI","32830","946815","MT5 Live 1",\N,"Wall Street Women AI","20.0","Weekly","null","Weekly","null","{""MinBalance"": null}","null","{""Chain"": []}"
"9014577","WSW AI","33007","50013356","MT4 Live 5",\N,"Wall Street Women AI","20.0","Weekly","null","Weekly","null","{""MinBalance"": null}","null","{""Chain"": []}"
"9014577","WSW AI","33038","50013432","MT4 Live 5",\N,"Wall Street Women AI","20.0","Weekly","null","Weekly","null","{""MinBalance"": null}","null","{""Chain"": []}"
"9014577","WSW AI","33882","50013966","MT4 Live 5",\N,"Wall Street Women AI","20.0","Weekly","null","Weekly","null","{""MinBalance"": null}","null","{""Chain"": []}"
"9014577","WSW AI","34129","50010634","MT4 Live 5",\N,"Wall Street Women AI","20.0","Weekly","null","Weekly","null","{""MinBalance"": null}","null","{""Chain"": []}"
"9014577","WSW AI","34192","50014185","MT4 Live 5",\N,"Wall Street Women AI","20.0","Weekly","null","Weekly","null","{""MinBalance"": null}","null","{""Chain"": []}"
"9014577","WSW AI","34560","50014923","MT4 Live 5",\N,"Wall Street Women AI","20.0","Weekly","null","Weekly","null","{""MinBalance"": null}","null","{""Chain"": []}"
"9014577","WSW AI","34964","50015074","MT4 Live 5",\N,"Wall Street Women AI","20.0","Weekly","null","Weekly","null","{""MinBalance"": null}","null","{""Chain"": []}"
"9014577","WSW AI","34973","50015103","MT4 Live 5",\N,"Wall Street Women AI","20.0","Weekly","null","Weekly","null","{""MinBalance"": null}","null","{""Chain"": []}"
"9014577","WSW AI","35162","50015264","MT4 Live 5",\N,"Wall Street Women AI","20.0","Weekly","null","Weekly","null","{""MinBalance"": null}","null","{""Chain"": []}"
"9014577","WSW AI","35226","50015303","MT4 Live 5",\N,"Wall Street Women AI","20.0","Weekly","null","Weekly","null","{""MinBalance"": null}","null","{""Chain"": []}"
"9014577","WSW AI","35228","50015298","MT4 Live 5",\N,"Wall Street Women AI","20.0","Weekly","null","Weekly","null","{""MinBalance"": null}","null","{""Chain"": []}"
"9014577","WSW AI","35230","50015319","MT4 Live 5",\N,"Wall Street Women AI","20.0","Weekly","null","Weekly","null","{""MinBalance"": null}","null","{""Chain"": []}"
"9014577","WSW AI","35394","50015306","MT4 Live 5",\N,"Wall Street Women AI","20.0","Weekly","null","Weekly","null","{""MinBalance"": null}","null","{""Chain"": []}"
"9014577","WSW AI","35626","50015609","MT4 Live 5",\N,"Wall Street Women AI","20.0","Weekly","null","Weekly","null","{""MinBalance"": null}","null","{""Chain"": []}"
"9014577","WSW AI","35792","9015143","MT4 Live 5",\N,"Wall Street Women AI","20.0","Weekly","null","Weekly","null","{""MinBalance"": null}","null","{""Chain"": []}"
"9014577","WSW AI","36051","50016034","MT4 Live 5",\N,"Wall Street Women AI","20.0","Weekly","null","Weekly","null","{""MinBalance"": null}","null","{""Chain"": []}"
"9014577","WSW AI","36055","50016038","MT4 Live 5",\N,"Wall Street Women AI","20.0","Weekly","null","Weekly","null","{""MinBalance"": null}","null","{""Chain"": []}"
"9014577","WSW AI","36197","50016169","MT4 Live 5",\N,"Wall Street Women AI","20.0","Weekly","null","Weekly","null","{""MinBalance"": null}","null","{""Chain"": []}"
"9014577","WSW AI","36546","50016530","MT4 Live 5",\N,"Wall Street Women AI","20.0","Weekly","null","Weekly","null","{""MinBalance"": null}","null","{""Chain"": []}"
"9014577","WSW AI","37143","50017226","MT4 Live 5",\N,"Wall Street Women AI","20.0","Weekly","null","Weekly","null","{""MinBalance"": null}","null","{""Chain"": []}"
"9014577","WSW AI","37162","50008588","MT4 Live 5",\N,"Wall Street Women AI","20.0","Weekly","null","Weekly","null","{""MinBalance"": null}","null","{""Chain"": []}"
"9014577","WSW AI","37168","50017254","MT4 Live 5",\N,"Wall Street Women AI","20.0","Weekly","null","Weekly","null","{""MinBalance"": null}","null","{""Chain"": []}"
"9014577","WSW AI","37174","50017204","MT4 Live 5",\N,"Wall Street Women AI","20.0","Weekly","null","Weekly","null","{""MinBalance"": null}","null","{""Chain"": []}"
"9014577","WSW AI","37180","50017275","MT4 Live 5",\N,"Wall Street Women AI","20.0","Weekly","null","Weekly","null","{""MinBalance"": null}","null","{""Chain"": []}"
"9014577","WSW AI","38163","50018374","MT4 Live 5",\N,"Wall Street Women AI","20.0","Weekly","null","Weekly","null","{""MinBalance"": null}","null","{""Chain"": []}"
"9014577","WSW AI","38711","50019200","MT4 Live 5",\N,"Wall Street Women AI","20.0","Weekly","null","Weekly","null","{""MinBalance"": null}","null","{""Chain"": []}"
"9014577","WSW AI","38854","50019328","MT4 Live 5",\N,"Wall Street Women AI","20.0","Weekly","null","Weekly","null","{""MinBalance"": null}","null","{""Chain"": []}"
"9014577","WSW AI","39223","50019658","MT4 Live 5",\N,"Wall Street Women AI","20.0","Weekly","null","Weekly","null","{""MinBalance"": null}","null","{""Chain"": []}"
"9014577","WSW AI","39336","50019751","MT4 Live 5",\N,"Wall Street Women AI","20.0","Weekly","null","Weekly","null","{""MinBalance"": null}","null","{""Chain"": []}"
"9014577","WSW AI","40119","50020387","MT4 Live 5",\N,"Wall Street Women AI","20.0","Weekly","null","Weekly","null","{""MinBalance"": null}","null","{""Chain"": []}"
"9014577","WSW AI","40246","50019070","MT4 Live 5",\N,"Wall Street Women AI","20.0","Weekly","null","Weekly","null","{""MinBalance"": null}","null","{""Chain"": []}"
"9014577","WSW AI","40347","50020618","MT4 Live 5",\N,"Wall Street Women AI","20.0","Weekly","null","Weekly","null","{""MinBalance"": null}","null","{""Chain"": []}"
"9014577","WSW AI","42074","50031121","MT4 Live 5",\N,"Wall Street Women AI","20.0","Weekly","null","Weekly","null","{""MinBalance"": null}","null","{""Chain"": []}"
"9014577","WSW AI","42690","50032239","MT4 Live 5",\N,"Wall Street Women AI","20.0","Weekly","null","Weekly","null","{""MinBalance"": null}","null","{""Chain"": []}"
"9014577","WSW AI","43056","50032911","MT4 Live 5",\N,"Wall Street Women AI","20.0","Weekly","null","Weekly","null","{""MinBalance"": null}","null","{""Chain"": []}"
"9014577","WSW AI","43097","50033005","MT4 Live 5",\N,"Wall Street Women AI","20.0","Weekly","null","Weekly","null","{""MinBalance"": null}","null","{""Chain"": []}"
"9014577","WSW AI","43214","50033197","MT4 Live 5",\N,"Wall Street Women AI","20.0","Weekly","null","Weekly","null","{""MinBalance"": null}","null","{""Chain"": []}"
"9014577","WSW AI","43527","50033660","MT4 Live 5",\N,"Wall Street Women AI","20.0","Weekly","null","Weekly","null","{""MinBalance"": null}","null","{""Chain"": []}"
"9014577","WSW AI","43748","50033860","MT4 Live 5",\N,"Wall Street Women AI","20.0","Weekly","null","Weekly","null","{""MinBalance"": null}","null","{""Chain"": []}"
"9014577","WSW AI","44121","50034457","MT4 Live 5",\N,"Wall Street Women AI","20.0","Weekly","null","Weekly","null","{""MinBalance"": null}","null","{""Chain"": []}"
"9014577","WSW AI","45235","50036027","MT4 Live 5",\N,"Wall Street Women AI","20.0","Weekly","null","Weekly","null","{""MinBalance"": null}","null","{""Chain"": []}"
"9014577","WSW AI","46503","50037431","MT4 Live 5",\N,"Wall Street Women AI","20.0","Weekly","null","Weekly","null","{""MinBalance"": null}","null","{""Chain"": []}"
"9014577","WSW AI","46728","50037872","MT4 Live 5",\N,"Wall Street Women AI","20.0","Weekly","null","Weekly","null","{""MinBalance"": null}","null","{""Chain"": []}"
"9014577","WSW AI","46738","50037888","MT4 Live 5",\N,"Wall Street Women AI","20.0","Weekly","null","Weekly","null","{""MinBalance"": null}","null","{""Chain"": []}"
"9014577","WSW AI","46840","50038012","MT4 Live 5",\N,"Wall Street Women AI","20.0","Weekly","null","Weekly","null","{""MinBalance"": null}","null","{""Chain"": []}"
"9014577","WSW AI","47579","50038743","MT4 Live 5",\N,"Wall Street Women AI","20.0","Weekly","null","Weekly","null","{""MinBalance"": null}","null","{""Chain"": []}"
"9014577","WSW AI","47778","50038927","MT4 Live 5",\N,"Wall Street Women AI","20.0","Weekly","null","Weekly","null","{""MinBalance"": null}","null","{""Chain"": []}"
"9014577","WSW AI","48710","50040040","MT4 Live 5",\N,"Wall Street Women AI","20.0","Weekly","null","Weekly","null","{""MinBalance"": null}","null","{""Chain"": []}"
"9014577","WSW AI","48742","9015125","MT4 Live 5",\N,"Wall Street Women AI","20.0","Weekly","null","Weekly","null","{""MinBalance"": null}","null","{""Chain"": []}"
"9014577","WSW AI","48936","50013433","MT4 Live 5",\N,"Wall Street Women AI","20.0","Weekly","null","Weekly","null","{""MinBalance"": null}","null","{""Chain"": []}"
"9014577","WSW AI","49029","50041149","MT4 Live 5",\N,"Wall Street Women AI","20.0","Weekly","null","Weekly","null","{""MinBalance"": null}","null","{""Chain"": []}"
"9014577","WSW AI","49399","50041842","MT4 Live 5",\N,"Wall Street Women AI","20.0","Weekly","null","Weekly","null","{""MinBalance"": null}","null","{""Chain"": []}"
"9014577","WSW AI","50136","50040751","MT4 Live 5",\N,"Wall Street Women AI","20.0","Weekly","null","Weekly","null","{""MinBalance"": null}","null","{""Chain"": []}"
"9014577","WSW AI","50215","50017225","MT4 Live 5",\N,"Wall Street Women AI","20.0","Weekly","null","Weekly","null","{""MinBalance"": null}","null","{""Chain"": []}"
"9014577","WSW AI","51027","50043803","MT4 Live 5","{""ServerId"": null, ""ExternalAccount"": 50043812}","WSWRVD","20.0","Weekly","null","Weekly","null","{""MinBalance"": null}","50.0","{""Chain"": []}"
"9014577","WSW AI","51035","50044332","MT4 Live 5",\N,"Wall Street Women AI","20.0","Weekly","null","Weekly","null","{""MinBalance"": null}","null","{""Chain"": []}"
"9014577","WSW AI","51829","50045722","MT4 Live 5","{""ServerId"": null, ""ExternalAccount"": 50043812}","WSWRVD","20.0","Weekly","null","Weekly","null","{""MinBalance"": null}","50.0","{""Chain"": []}"
"9014577","WSW AI","52326","50046578","MT4 Live 5",\N,"Wall Street Women AI","20.0","Weekly","null","Weekly","null","{""MinBalance"": null}","null","{""Chain"": []}"
"9014577","WSW AI","52458","50041497","MT4 Live 5",\N,"Wall Street Women AI","20.0","Weekly","null","Weekly","null","{""MinBalance"": null}","null","{""Chain"": []}"
"9014577","WSW AI","53510","50048709","MT4 Live 5",\N,"Wall Street Women AI","20.0","Weekly","null","Weekly","null","{""MinBalance"": null}","null","{""Chain"": []}"
"9014577","WSW AI","53543","50047123","MT4 Live 5","{""ServerId"": null, ""ExternalAccount"": 50043812}","WSWRVD","20.0","Weekly","null","Weekly","null","{""MinBalance"": null}","50.0","{""Chain"": []}"
"9014577","WSW AI","55029","50050162","MT4 Live 5",\N,"Wall Street Women AI","20.0","Weekly","null","Weekly","null","{""MinBalance"": null}","null","{""Chain"": []}"
"9014577","WSW AI","57283","50052354","MT4 Live 5",\N,"Wall Street Women AI","20.0","Weekly","null","Weekly","null","{""MinBalance"": null}","null","{""Chain"": []}"
"9014577","WSW AI","62820","50056956","MT4 Live 5",\N,"Wall Street Women AI","20.0","Weekly","null","Weekly","null","{""MinBalance"": null}","null","{""Chain"": []}"
"9014577","WSW AI","63913","1704380","MT4 Live 6",\N,"Wall Street Women AI","20.0","Weekly","null","Weekly","null","{""MinBalance"": null}","null","{""Chain"": []}"
"9014577","WSW AI","63963","50059306","MT4 Live 5",\N,"Wall Street Women AI","20.0","Weekly","null","Weekly","null","{""MinBalance"": null}","null","{""Chain"": []}"
"9014577","WSW AI","64870","50061923","MT4 Live 5",\N,"Wall Street Women AI","20.0","Weekly","null","Weekly","null","{""MinBalance"": null}","null","{""Chain"": []}"
"9014577","WSW AI","64970","50062011","MT4 Live 5",\N,"Wall Street Women AI","20.0","Weekly","null","Weekly","null","{""MinBalance"": null}","null","{""Chain"": []}"
"9014577","WSW AI","64995","50061908","MT4 Live 5",\N,"WSWAIM","20.0","Weekly","null","Weekly","null","{""MinBalance"": null}","null","{""Chain"": [{""Share"": 25.0, ""ServerId"": null, ""ExternalAccount"": 50058642}, {""Share"": 37.0, ""ServerId"": null, ""ExternalAccount"": 50043812}]}"
"9014577","WSW AI","66044","50063012","MT4 Live 5",\N,"WSWAIES","20.0","Weekly","null","Weekly","null","{""MinBalance"": null}","null","{""Chain"": [{""Share"": 25.0, ""ServerId"": null, ""ExternalAccount"": 50050142}, {""Share"": 37.0, ""ServerId"": null, ""ExternalAccount"": 50043812}]}"
"9014577","WSW AI","66098","50061933","MT4 Live 5",\N,"WSWAIM","20.0","Weekly","null","Weekly","null","{""MinBalance"": null}","null","{""Chain"": [{""Share"": 25.0, ""ServerId"": null, ""ExternalAccount"": 50058642}, {""Share"": 37.0, ""ServerId"": null, ""ExternalAccount"": 50043812}]}"
"9014577","WSW AI","66716","9911012","MT5 Live 2",\N,"Wall Street Women AI","20.0","Weekly","null","Weekly","null","{""MinBalance"": null}","null","{""Chain"": []}"
"9014577","WSW AI","66990","40005336","MT4 Live 4",\N,"Wall Street Women AI","20.0","Weekly","null","Weekly","null","{""MinBalance"": null}","null","{""Chain"": []}"
"9014577","WSW AI","67037","50055442","MT4 Live 5",\N,"WSWAIES","20.0","Weekly","null","Weekly","null","{""MinBalance"": null}","null","{""Chain"": [{""Share"": 25.0, ""ServerId"": null, ""ExternalAccount"": 50050142}, {""Share"": 37.0, ""ServerId"": null, ""ExternalAccount"": 50043812}]}"
"9014577","WSW AI","67041","50063482","MT4 Live 5",\N,"WSWAIES","20.0","Weekly","null","Weekly","null","{""MinBalance"": null}","null","{""Chain"": [{""Share"": 25.0, ""ServerId"": null, ""ExternalAccount"": 50050142}, {""Share"": 37.0, ""ServerId"": null, ""ExternalAccount"": 50043812}]}"
"9014577","WSW AI","67313","50064228","MT4 Live 5",\N,"WSWAIM","20.0","Weekly","null","Weekly","null","{""MinBalance"": null}","null","{""Chain"": [{""Share"": 25.0, ""ServerId"": null, ""ExternalAccount"": 50058642}, {""Share"": 37.0, ""ServerId"": null, ""ExternalAccount"": 50043812}]}"
"9014577","WSW AI","67986","50064462","MT4 Live 5",\N,"wswaia","20.0","Weekly","null","Weekly","null","{""MinBalance"": null}","null","{""Chain"": [{""Share"": 50.0, ""ServerId"": null, ""ExternalAccount"": 50047058}]}"
"9014577","WSW AI","67987","50064463","MT4 Live 5",\N,"wswaia","20.0","Weekly","null","Weekly","null","{""MinBalance"": null}","null","{""Chain"": [{""Share"": 50.0, ""ServerId"": null, ""ExternalAccount"": 50047058}]}"
"9014577","WSW AI","68947","50065800","MT4 Live 5",\N,"WSWAIM","20.0","Weekly","null","Weekly","null","{""MinBalance"": null}","null","{""Chain"": [{""Share"": 25.0, ""ServerId"": null, ""ExternalAccount"": 50058642}, {""Share"": 37.0, ""ServerId"": null, ""ExternalAccount"": 50043812}]}"
"9014577","WSW AI","69062","50066131","MT4 Live 5",\N,"WSWAIM","20.0","Weekly","null","Weekly","null","{""MinBalance"": null}","null","{""Chain"": [{""Share"": 25.0, ""ServerId"": null, ""ExternalAccount"": 50058642}, {""Share"": 37.0, ""ServerId"": null, ""ExternalAccount"": 50043812}]}"
"9014577","WSW AI","69117","50066060","MT4 Live 5",\N,"WSWAIES","20.0","Weekly","null","Weekly","null","{""MinBalance"": null}","null","{""Chain"": [{""Share"": 25.0, ""ServerId"": null, ""ExternalAccount"": 50050142}, {""Share"": 37.0, ""ServerId"": null, ""ExternalAccount"": 50043812}]}"
"9014577","WSW AI","72860","50069563","MT4 Live 5",\N,"WSWAIM","20.0","Weekly","null","Weekly","null","{""MinBalance"": null}","null","{""Chain"": [{""Share"": 25.0, ""ServerId"": null, ""ExternalAccount"": 50058642}, {""Share"": 37.0, ""ServerId"": null, ""ExternalAccount"": 50043812}]}"
"9014577","WSW AI","75093","50072710","MT4 Live 5",\N,"WSWAIES","20.0","Weekly","null","Weekly","null","{""MinBalance"": null}","null","{""Chain"": [{""Share"": 25.0, ""ServerId"": null, ""ExternalAccount"": 50050142}, {""Share"": 37.0, ""ServerId"": null, ""ExternalAccount"": 50043812}]}"
"9014577","WSW AI","75254","50072863","MT4 Live 5",\N,"WSWAIES","20.0","Weekly","null","Weekly","null","{""MinBalance"": null}","null","{""Chain"": [{""Share"": 25.0, ""ServerId"": null, ""ExternalAccount"": 50050142}, {""Share"": 37.0, ""ServerId"": null, ""ExternalAccount"": 50043812}]}"
"9014577","WSW AI","75916","50069619","MT4 Live 5",\N,"WSWAIES","20.0","Weekly","null","Weekly","null","{""MinBalance"": null}","null","{""Chain"": [{""Share"": 25.0, ""ServerId"": null, ""ExternalAccount"": 50050142}, {""Share"": 37.0, ""ServerId"": null, ""ExternalAccount"": 50043812}]}"
"50040493","WSW AI x2","49182","50041468","MT4 Live 5",\N,"WSW AI x2","20.0","Weekly","null","Weekly","null","{""MinBalance"": null}","null","{""Chain"": []}"
"50040493","WSW AI x2","49185","50041470","MT4 Live 5",\N,"WSW AI x2","20.0","Weekly","null","Weekly","null","{""MinBalance"": null}","null","{""Chain"": []}"
"50040493","WSW AI x2","49187","50041475","MT4 Live 5",\N,"WSW AI x2","20.0","Weekly","null","Weekly","null","{""MinBalance"": null}","null","{""Chain"": []}"
"50040493","WSW AI x2","49304","50041755","MT4 Live 5",\N,"WSW AI x2","20.0","Weekly","null","Weekly","null","{""MinBalance"": null}","null","{""Chain"": []}"
"50040493","WSW AI x2","49380","50037874","MT4 Live 5",\N,"WSW AI x2","20.0","Weekly","null","Weekly","null","{""MinBalance"": null}","null","{""Chain"": []}"
"50040493","WSW AI x2","49382","50041831","MT4 Live 5",\N,"WSW AI x2","20.0","Weekly","null","Weekly","null","{""MinBalance"": null}","null","{""Chain"": []}"
"50040493","WSW AI x2","49390","50041974","MT4 Live 5",\N,"WSW AI x2","20.0","Weekly","null","Weekly","null","{""MinBalance"": null}","null","{""Chain"": []}"
"50040493","WSW AI x2","49392","50041969","MT4 Live 5",\N,"WSW AI x2","20.0","Weekly","null","Weekly","null","{""MinBalance"": null}","null","{""Chain"": []}"
"50040493","WSW AI x2","49395","50041991","MT4 Live 5",\N,"WSW AI x2","20.0","Weekly","null","Weekly","null","{""MinBalance"": null}","null","{""Chain"": []}"
"50040493","WSW AI x2","49401","50042001","MT4 Live 5",\N,"WSW AI x2","20.0","Weekly","null","Weekly","null","{""MinBalance"": null}","null","{""Chain"": []}"
"50040493","WSW AI x2","49407","50041998","MT4 Live 5",\N,"WSW AI x2","20.0","Weekly","null","Weekly","null","{""MinBalance"": null}","null","{""Chain"": []}"
"50040493","WSW AI x2","49408","50041997","MT4 Live 5",\N,"WSW AI x2","20.0","Weekly","null","Weekly","null","{""MinBalance"": null}","null","{""Chain"": []}"
"50040493","WSW AI x2","49534","50036027","MT4 Live 5",\N,"WSW AI x2","20.0","Weekly","null","Weekly","null","{""MinBalance"": null}","null","{""Chain"": []}"
"50040493","WSW AI x2","49587","50042024","MT4 Live 5",\N,"WSW AI x2","20.0","Weekly","null","Weekly","null","{""MinBalance"": null}","null","{""Chain"": []}"
"50040493","WSW AI x2","49622","50042282","MT4 Live 5",\N,"WSW AI x2","20.0","Weekly","null","Weekly","null","{""MinBalance"": null}","null","{""Chain"": []}"
"50040493","WSW AI x2","49822","50042482","MT4 Live 5",\N,"WSW AI x2","20.0","Weekly","null","Weekly","null","{""MinBalance"": null}","null","{""Chain"": []}"
"50040493","WSW AI x2","49969","50042835","MT4 Live 5",\N,"WSW AI x2","20.0","Weekly","null","Weekly","null","{""MinBalance"": null}","null","{""Chain"": []}"
"50040493","WSW AI x2","50058","50012496","MT4 Live 5",\N,"WSW AI x2","20.0","Weekly","null","Weekly","null","{""MinBalance"": null}","null","{""Chain"": []}"
"50040493","WSW AI x2","50100","50042795","MT4 Live 5",\N,"WSW AI x2","20.0","Weekly","null","Weekly","null","{""MinBalance"": null}","null","{""Chain"": []}"
"50040493","WSW AI x2","50141","50040751","MT4 Live 5",\N,"WSW AI x2","20.0","Weekly","null","Weekly","null","{""MinBalance"": null}","null","{""Chain"": []}"
"50040493","WSW AI x2","50153","50043220","MT4 Live 5",\N,"WSW AI x2","20.0","Weekly","null","Weekly","null","{""MinBalance"": null}","null","{""Chain"": []}"
"50040493","WSW AI x2","50197","50043283","MT4 Live 5",\N,"WSW AI x2","20.0","Weekly","null","Weekly","null","{""MinBalance"": null}","null","{""Chain"": []}"
"50040493","WSW AI x2","50204","50043320","MT4 Live 5",\N,"WSW AI x2","20.0","Weekly","null","Weekly","null","{""MinBalance"": null}","null","{""Chain"": []}"
"50040493","WSW AI x2","50237","50042286","MT4 Live 5",\N,"WSW AI x2","20.0","Weekly","null","Weekly","null","{""MinBalance"": null}","null","{""Chain"": []}"
"50040493","WSW AI x2","50369","50043541","MT4 Live 5",\N,"WSW AI x2","20.0","Weekly","null","Weekly","null","{""MinBalance"": null}","null","{""Chain"": []}"
"50040493","WSW AI x2","50370","50043550","MT4 Live 5",\N,"WSW AI x2","20.0","Weekly","null","Weekly","null","{""MinBalance"": null}","null","{""Chain"": []}"
"50040493","WSW AI x2","50376","50043562","MT4 Live 5",\N,"WSW AI x2","20.0","Weekly","null","Weekly","null","{""MinBalance"": null}","null","{""Chain"": []}"
"50040493","WSW AI x2","50413","50043619","MT4 Live 5",\N,"WSW AI x2","20.0","Weekly","null","Weekly","null","{""MinBalance"": null}","null","{""Chain"": []}"
"50040493","WSW AI x2","50526","50043671","MT4 Live 5",\N,"WSW AI x2","20.0","Weekly","null","Weekly","null","{""MinBalance"": null}","null","{""Chain"": []}"
"50040493","WSW AI x2","50547","50043783","MT4 Live 5",\N,"WSW AI x2","20.0","Weekly","null","Weekly","null","{""MinBalance"": null}","null","{""Chain"": []}"
"50040493","WSW AI x2","50560","50043801","MT4 Live 5",\N,"WSW AI x2","20.0","Weekly","null","Weekly","null","{""MinBalance"": null}","null","{""Chain"": []}"
"50040493","WSW AI x2","50583","50043794","MT4 Live 5",\N,"WSW AI x2","20.0","Weekly","null","Weekly","null","{""MinBalance"": null}","null","{""Chain"": []}"
"50040493","WSW AI x2","50732","50044030","MT4 Live 5",\N,"WSW AI x2","20.0","Weekly","null","Weekly","null","{""MinBalance"": null}","null","{""Chain"": []}"
"50040493","WSW AI x2","50738","50044031","MT4 Live 5",\N,"WSW AI x2","20.0","Weekly","null","Weekly","null","{""MinBalance"": null}","null","{""Chain"": []}"
"50040493","WSW AI x2","50870","50044240","MT4 Live 5",\N,"WSW AI x2","20.0","Weekly","null","Weekly","null","{""MinBalance"": null}","null","{""Chain"": []}"
"50040493","WSW AI x2","50931","50044330","MT4 Live 5",\N,"WSW AI x2","20.0","Weekly","null","Weekly","null","{""MinBalance"": null}","null","{""Chain"": []}"
"50040493","WSW AI x2","51128","50044643","MT4 Live 5",\N,"WSW AI x2","20.0","Weekly","null","Weekly","null","{""MinBalance"": null}","null","{""Chain"": []}"
"50040493","WSW AI x2","51180","50044704","MT4 Live 5",\N,"WSW AI x2","20.0","Weekly","null","Weekly","null","{""MinBalance"": null}","null","{""Chain"": []}"
"50040493","WSW AI x2","51252","50044808","MT4 Live 5",\N,"WSW AI x2","20.0","Weekly","null","Weekly","null","{""MinBalance"": null}","null","{""Chain"": []}"
"50040493","WSW AI x2","52093","50045938","MT4 Live 5",\N,"WSW AI x2","20.0","Weekly","null","Weekly","null","{""MinBalance"": null}","null","{""Chain"": []}"
"50040493","WSW AI x2","52179","50000530","MT4 Live 5",\N,"WSW AI x2","20.0","Weekly","null","Weekly","null","{""MinBalance"": null}","null","{""Chain"": []}"
"50040493","WSW AI x2","52191","50046467","MT4 Live 5",\N,"WSW AI x2","20.0","Weekly","null","Weekly","null","{""MinBalance"": null}","null","{""Chain"": []}"
"50040493","WSW AI x2","52286","50046587","MT4 Live 5",\N,"WSW AI x2","20.0","Weekly","null","Weekly","null","{""MinBalance"": null}","null","{""Chain"": []}"
"50040493","WSW AI x2","52333","50046680","MT4 Live 5",\N,"WSW AI x2","20.0","Weekly","null","Weekly","null","{""MinBalance"": null}","null","{""Chain"": []}"
"50040493","WSW AI x2","52425","50046844","MT4 Live 5",\N,"WSW AI x2","20.0","Weekly","null","Weekly","null","{""MinBalance"": null}","null","{""Chain"": []}"
"50040493","WSW AI x2","52483","50046897","MT4 Live 5",\N,"WSW AI x2","20.0","Weekly","null","Weekly","null","{""MinBalance"": null}","null","{""Chain"": []}"
"50040493","WSW AI x2","52491","50046936","MT4 Live 5",\N,"WSW AI x2","20.0","Weekly","null","Weekly","null","{""MinBalance"": null}","null","{""Chain"": []}"
"50040493","WSW AI x2","52493","50017225","MT4 Live 5",\N,"WSW AI x2","20.0","Weekly","null","Weekly","null","{""MinBalance"": null}","null","{""Chain"": []}"
"50040493","WSW AI x2","52558","50047058","MT4 Live 5",\N,"WSW AI x2","20.0","Weekly","null","Weekly","null","{""MinBalance"": null}","null","{""Chain"": []}"
"50040493","WSW AI x2","52712","50047105","MT4 Live 5",\N,"WSW AI x2","20.0","Weekly","null","Weekly","null","{""MinBalance"": null}","null","{""Chain"": []}"
"50040493","WSW AI x2","52716","50047286","MT4 Live 5",\N,"WSW AI x2","20.0","Weekly","null","Weekly","null","{""MinBalance"": null}","null","{""Chain"": []}"
"50040493","WSW AI x2","52859","50047591","MT4 Live 5",\N,"WSW AI x2","20.0","Weekly","null","Weekly","null","{""MinBalance"": null}","null","{""Chain"": []}"
"50040493","WSW AI x2","52876","50047604","MT4 Live 5",\N,"WSW AI x2","20.0","Weekly","null","Weekly","null","{""MinBalance"": null}","null","{""Chain"": []}"
"50040493","WSW AI x2","52976","50015611","MT4 Live 5",\N,"WSW AI x2","20.0","Weekly","null","Weekly","null","{""MinBalance"": null}","null","{""Chain"": []}"
"50040493","WSW AI x2","52978","50047758","MT4 Live 5",\N,"WSW AI x2","20.0","Weekly","null","Weekly","null","{""MinBalance"": null}","null","{""Chain"": []}"
"50040493","WSW AI x2","53037","50047813","MT4 Live 5",\N,"WSW AI x2","20.0","Weekly","null","Weekly","null","{""MinBalance"": null}","null","{""Chain"": []}"
"50040493","WSW AI x2","53167","70225812","MT5 Live 1",\N,"WSW AI x2","20.0","Weekly","null","Weekly","null","{""MinBalance"": null}","null","{""Chain"": []}"
"50040493","WSW AI x2","53229","50048008","MT4 Live 5",\N,"WSW AI x2","20.0","Weekly","null","Weekly","null","{""MinBalance"": null}","null","{""Chain"": []}"
"50040493","WSW AI x2","53249","50048180","MT4 Live 5",\N,"WSW AI x2","20.0","Weekly","null","Weekly","null","{""MinBalance"": null}","null","{""Chain"": []}"
"50040493","WSW AI x2","53374","50048356","MT4 Live 5",\N,"WSW AI x2","20.0","Weekly","null","Weekly","null","{""MinBalance"": null}","null","{""Chain"": []}"
"50040493","WSW AI x2","53385","50048202","MT4 Live 5",\N,"WSW AI x2","20.0","Weekly","null","Weekly","null","{""MinBalance"": null}","null","{""Chain"": []}"
"50040493","WSW AI x2","53418","50048601","MT4 Live 5",\N,"WSW AI x2","20.0","Weekly","null","Weekly","null","{""MinBalance"": null}","null","{""Chain"": []}"
"50040493","WSW AI x2","53523","50048718","MT4 Live 5",\N,"WSW AI x2","20.0","Weekly","null","Weekly","null","{""MinBalance"": null}","null","{""Chain"": []}"
"50040493","WSW AI x2","53539","50048750","MT4 Live 5",\N,"RVDWSWX2","20.0","Weekly","null","Weekly","null","{""MinBalance"": null}","null","{""Chain"": [{""Share"": 50.0, ""ServerId"": null, ""ExternalAccount"": 50043812}]}"
"50040493","WSW AI x2","53589","50048897","MT4 Live 5",\N,"WSW AI x2","20.0","Weekly","null","Weekly","null","{""MinBalance"": null}","null","{""Chain"": []}"
"50040493","WSW AI x2","53660","50048946","MT4 Live 5",\N,"WSW AI x2","20.0","Weekly","null","Weekly","null","{""MinBalance"": null}","null","{""Chain"": []}"
"50040493","WSW AI x2","53950","50049087","MT4 Live 5",\N,"WSW AI x2","20.0","Weekly","null","Weekly","null","{""MinBalance"": null}","null","{""Chain"": []}"
"50040493","WSW AI x2","54141","50049251","MT4 Live 5",\N,"WSW AI x2","20.0","Weekly","null","Weekly","null","{""MinBalance"": null}","null","{""Chain"": []}"
"50040493","WSW AI x2","54147","50049298","MT4 Live 5",\N,"WSW AI x2","20.0","Weekly","null","Weekly","null","{""MinBalance"": null}","null","{""Chain"": []}"
"50040493","WSW AI x2","54403","50003324","MT4 Live 5",\N,"WSW AI x2","20.0","Weekly","null","Weekly","null","{""MinBalance"": null}","null","{""Chain"": []}"
"50040493","WSW AI x2","54416","50049460","MT4 Live 5",\N,"WSW AI x2","20.0","Weekly","null","Weekly","null","{""MinBalance"": null}","null","{""Chain"": []}"
"50040493","WSW AI x2","54475","50046766","MT4 Live 5",\N,"WSW AI x2","20.0","Weekly","null","Weekly","null","{""MinBalance"": null}","null","{""Chain"": []}"
"50040493","WSW AI x2","54492","50046458","MT4 Live 5",\N,"WSW AI x2","20.0","Weekly","null","Weekly","null","{""MinBalance"": null}","null","{""Chain"": []}"
"50040493","WSW AI x2","54523","50049578","MT4 Live 5",\N,"WSW AI x2","20.0","Weekly","null","Weekly","null","{""MinBalance"": null}","null","{""Chain"": []}"
"50040493","WSW AI x2","54527","50049589","MT4 Live 5",\N,"WSW AI x2","20.0","Weekly","null","Weekly","null","{""MinBalance"": null}","null","{""Chain"": []}"
"50040493","WSW AI x2","54532","50049593","MT4 Live 5",\N,"WSW AI x2","20.0","Weekly","null","Weekly","null","{""MinBalance"": null}","null","{""Chain"": []}"
"50040493","WSW AI x2","54579","50049669","MT4 Live 5",\N,"WSW AI x2","20.0","Weekly","null","Weekly","null","{""MinBalance"": null}","null","{""Chain"": []}"
"50040493","WSW AI x2","54585","50049674","MT4 Live 5",\N,"WSW AI x2","20.0","Weekly","null","Weekly","null","{""MinBalance"": null}","null","{""Chain"": []}"
"50040493","WSW AI x2","54586","50047863","MT4 Live 5",\N,"WSW AI x2","20.0","Weekly","null","Weekly","null","{""MinBalance"": null}","null","{""Chain"": []}"
"50040493","WSW AI x2","54594","50049695","MT4 Live 5",\N,"WSW AI x2","20.0","Weekly","null","Weekly","null","{""MinBalance"": null}","null","{""Chain"": []}"
"50040493","WSW AI x2","54725","50049876","MT4 Live 5",\N,"WSW AI x2","20.0","Weekly","null","Weekly","null","{""MinBalance"": null}","null","{""Chain"": []}"
"50040493","WSW AI x2","55007","50050126","MT4 Live 5",\N,"WSW AI x2","20.0","Weekly","null","Weekly","null","{""MinBalance"": null}","null","{""Chain"": []}"
"50040493","WSW AI x2","55018","50050142","MT4 Live 5",\N,"RVDWSWX2","20.0","Weekly","null","Weekly","null","{""MinBalance"": null}","null","{""Chain"": [{""Share"": 50.0, ""ServerId"": null, ""ExternalAccount"": 50043812}]}"
"50040493","WSW AI x2","55214","50043812","MT4 Live 5",\N,"RVDWSWX2","20.0","Weekly","null","Weekly","null","{""MinBalance"": null}","null","{""Chain"": [{""Share"": 50.0, ""ServerId"": null, ""ExternalAccount"": 50043812}]}"
"50040493","WSW AI x2","55248","50050373","MT4 Live 5",\N,"WSW AI x2","20.0","Weekly","null","Weekly","null","{""MinBalance"": null}","null","{""Chain"": []}"
"50040493","WSW AI x2","55342","50050477","MT4 Live 5",\N,"WSW AI x2","20.0","Weekly","null","Weekly","null","{""MinBalance"": null}","null","{""Chain"": []}"
"50040493","WSW AI x2","55795","50050942","MT4 Live 5",\N,"WSW AI x2","20.0","Weekly","null","Weekly","null","{""MinBalance"": null}","null","{""Chain"": []}"
"50040493","WSW AI x2","55916","50050989","MT4 Live 5",\N,"WSW AI x2","20.0","Weekly","null","Weekly","null","{""MinBalance"": null}","null","{""Chain"": []}"
"50040493","WSW AI x2","55917","50050239","MT4 Live 5",\N,"WSW AI x2","20.0","Weekly","null","Weekly","null","{""MinBalance"": null}","null","{""Chain"": []}"
"50040493","WSW AI x2","55928","50050820","MT4 Live 5",\N,"wswx2emma","20.0","Weekly","null","Weekly","null","{""MinBalance"": null}","null","{""Chain"": [{""Share"": 50.0, ""ServerId"": null, ""ExternalAccount"": 50043541}]}"
"50040493","WSW AI x2","55975","50051091","MT4 Live 5",\N,"WSW AI x2","20.0","Weekly","null","Weekly","null","{""MinBalance"": null}","null","{""Chain"": []}"
"50040493","WSW AI x2","56034","50051135","MT4 Live 5",\N,"WSW AI x2","20.0","Weekly","null","Weekly","null","{""MinBalance"": null}","null","{""Chain"": []}"
"50040493","WSW AI x2","56118","50051232","MT4 Live 5",\N,"WSW AI x2","20.0","Weekly","null","Weekly","null","{""MinBalance"": null}","null","{""Chain"": []}"
"50040493","WSW AI x2","56128","50051243","MT4 Live 5",\N,"WSW AI x2","20.0","Weekly","null","Weekly","null","{""MinBalance"": null}","null","{""Chain"": []}"
"50040493","WSW AI x2","56269","50051449","MT4 Live 5",\N,"WSW AI x2","20.0","Weekly","null","Weekly","null","{""MinBalance"": null}","null","{""Chain"": []}"
"50040493","WSW AI x2","56361","50051259","MT4 Live 5",\N,"WSW AI x2","20.0","Weekly","null","Weekly","null","{""MinBalance"": null}","null","{""Chain"": []}"
"50040493","WSW AI x2","56609","9016386","MT4 Live 5",\N,"WSW AI x2","20.0","Weekly","null","Weekly","null","{""MinBalance"": null}","null","{""Chain"": []}"
"50040493","WSW AI x2","56637","50051842","MT4 Live 5",\N,"WSW AI x2","20.0","Weekly","null","Weekly","null","{""MinBalance"": null}","null","{""Chain"": []}"
"50040493","WSW AI x2","56749","50051807","MT4 Live 5",\N,"WSW AI x2","20.0","Weekly","null","Weekly","null","{""MinBalance"": null}","null","{""Chain"": []}"
"50040493","WSW AI x2","56785","50052017","MT4 Live 5",\N,"WSW AI x2","20.0","Weekly","null","Weekly","null","{""MinBalance"": null}","null","{""Chain"": []}"
"50040493","WSW AI x2","57110","50052344","MT4 Live 5",\N,"WSW AI x2","20.0","Weekly","null","Weekly","null","{""MinBalance"": null}","null","{""Chain"": []}"
"50040493","WSW AI x2","57123","50051915","MT4 Live 5",\N,"WSW AI x2","20.0","Weekly","null","Weekly","null","{""MinBalance"": null}","null","{""Chain"": []}"
"50040493","WSW AI x2","57280","50052519","MT4 Live 5",\N,"WSW AI x2","20.0","Weekly","null","Weekly","null","{""MinBalance"": null}","null","{""Chain"": []}"
"50040493","WSW AI x2","57414","50052640","MT4 Live 5",\N,"WSW AI x2","20.0","Weekly","null","Weekly","null","{""MinBalance"": null}","null","{""Chain"": []}"
"50040493","WSW AI x2","57559","50052788","MT4 Live 5",\N,"WSWAIX2Laura","20.0","Weekly","null","Weekly","null","{""MinBalance"": null}","null","{""Chain"": [{""Share"": 50.0, ""ServerId"": null, ""ExternalAccount"": 50041997}]}"
"50040493","WSW AI x2","57585","50052817","MT4 Live 5",\N,"WSW AI x2","20.0","Weekly","null","Weekly","null","{""MinBalance"": null}","null","{""Chain"": []}"
"50040493","WSW AI x2","57646","50003371","MT4 Live 5",\N,"WSW AI x2","20.0","Weekly","null","Weekly","null","{""MinBalance"": null}","null","{""Chain"": []}"
"50040493","WSW AI x2","57648","50052883","MT4 Live 5",\N,"WSW AI x2","20.0","Weekly","null","Weekly","null","{""MinBalance"": null}","null","{""Chain"": []}"
"50040493","WSW AI x2","57652","50052898","MT4 Live 5",\N,"WSW AI x2","20.0","Weekly","null","Weekly","null","{""MinBalance"": null}","null","{""Chain"": []}"
"50040493","WSW AI x2","57659","50052919","MT4 Live 5",\N,"WSW AI x2","20.0","Weekly","null","Weekly","null","{""MinBalance"": null}","null","{""Chain"": []}"
"50040493","WSW AI x2","58117","50053874","MT4 Live 5",\N,"WSW AI x2","20.0","Weekly","null","Weekly","null","{""MinBalance"": null}","null","{""Chain"": []}"
"50040493","WSW AI x2","58510","50054334","MT4 Live 5",\N,"WSWAIX2Laura","20.0","Weekly","null","Weekly","null","{""MinBalance"": null}","null","{""Chain"": [{""Share"": 50.0, ""ServerId"": null, ""ExternalAccount"": 50041997}]}"
"50040493","WSW AI x2","58723","50054578","MT4 Live 5",\N,"WSW AI x2","20.0","Weekly","null","Weekly","null","{""MinBalance"": null}","null","{""Chain"": []}"
"50040493","WSW AI x2","58978","50054330","MT4 Live 5",\N,"WSW AI x2","20.0","Weekly","null","Weekly","null","{""MinBalance"": null}","null","{""Chain"": []}"
"50040493","WSW AI x2","58995","50054895","MT4 Live 5",\N,"WSW AI x2","20.0","Weekly","null","Weekly","null","{""MinBalance"": null}","null","{""Chain"": []}"
"50040493","WSW AI x2","59548","50055581","MT4 Live 5",\N,"WSW AI x2","20.0","Weekly","null","Weekly","null","{""MinBalance"": null}","null","{""Chain"": []}"
"50040493","WSW AI x2","59622","50055685","MT4 Live 5",\N,"WSW AI x2","20.0","Weekly","null","Weekly","null","{""MinBalance"": null}","null","{""Chain"": []}"
"50040493","WSW AI x2","59738","50055810","MT4 Live 5",\N,"WSW AI x2","20.0","Weekly","null","Weekly","null","{""MinBalance"": null}","null","{""Chain"": []}"
"50040493","WSW AI x2","59746","50055829","MT4 Live 5",\N,"WSW AI x2","20.0","Weekly","null","Weekly","null","{""MinBalance"": null}","null","{""Chain"": []}"
"50040493","WSW AI x2","59887","1704380","MT4 Live 6",\N,"WSW AI x2","20.0","Weekly","null","Weekly","null","{""MinBalance"": null}","null","{""Chain"": []}"
"50040493","WSW AI x2","59952","50056114","MT4 Live 5",\N,"WSW AI x2","20.0","Weekly","null","Weekly","null","{""MinBalance"": null}","null","{""Chain"": []}"
"50040493","WSW AI x2","60321","50056186","MT4 Live 5",\N,"WSWSMX2","20.0","Weekly","null","Weekly","null","{""MinBalance"": null}","null","{""Chain"": [{""Share"": 50.0, ""ServerId"": null, ""ExternalAccount"": 50012392}]}"
"50040493","WSW AI x2","60481","50055663","MT4 Live 5",\N,"WSW AI x2","20.0","Weekly","null","Weekly","null","{""MinBalance"": null}","null","{""Chain"": []}"
"50040493","WSW AI x2","60614","50057031","MT4 Live 5",\N,"WSW AI x2","20.0","Weekly","null","Weekly","null","{""MinBalance"": null}","null","{""Chain"": []}"
"50040493","WSW AI x2","60664","50056482","MT4 Live 5",\N,"WSW AI x2","20.0","Weekly","null","Weekly","null","{""MinBalance"": null}","null","{""Chain"": []}"
"50040493","WSW AI x2","60817","50057259","MT4 Live 5",\N,"WSWAIPWX2","20.0","Weekly","null","Weekly","null","{""MinBalance"": null}","null","{""Chain"": [{""Share"": 50.0, ""ServerId"": null, ""ExternalAccount"": 50057031}]}"
"50040493","WSW AI x2","60941","50057479","MT4 Live 5",\N,"WSW AI x2","20.0","Weekly","null","Weekly","null","{""MinBalance"": null}","null","{""Chain"": []}"
"50040493","WSW AI x2","61732","50012392","MT4 Live 5",\N,"WSW AI x2","20.0","Weekly","null","Weekly","null","{""MinBalance"": null}","null","{""Chain"": []}"
"50040493","WSW AI x2","61981","50058863","MT4 Live 5",\N,"WSW AI x2","20.0","Weekly","null","Weekly","null","{""MinBalance"": null}","null","{""Chain"": []}"
"50040493","WSW AI x2","62821","50059761","MT4 Live 5",\N,"WSW AI x2","20.0","Weekly","null","Weekly","null","{""MinBalance"": null}","null","{""Chain"": []}"
"50040493","WSW AI x2","62916","50059734","MT4 Live 5",\N,"WSWAIMSX2","20.0","Weekly","null","Weekly","null","{""MinBalance"": null}","null","{""Chain"": [{""Share"": 50.0, ""ServerId"": null, ""ExternalAccount"": 50047290}]}"
"50040493","WSW AI x2","63047","50060085","MT4 Live 5",\N,"WSW AI x2","20.0","Weekly","null","Weekly","null","{""MinBalance"": null}","null","{""Chain"": []}"
"50040493","WSW AI x2","63236","50060304","MT4 Live 5",\N,"WSWAIMSX2","20.0","Weekly","null","Weekly","null","{""MinBalance"": null}","null","{""Chain"": [{""Share"": 50.0, ""ServerId"": null, ""ExternalAccount"": 50047290}]}"
"50040493","WSW AI x2","63328","50060410","MT4 Live 5",\N,"WSW AI x2","20.0","Weekly","null","Weekly","null","{""MinBalance"": null}","null","{""Chain"": []}"
"50040493","WSW AI x2","63649","50060800","MT4 Live 5",\N,"WSW AI x2","20.0","Weekly","null","Weekly","null","{""MinBalance"": null}","null","{""Chain"": []}"
"50040493","WSW AI x2","63962","50059306","MT4 Live 5",\N,"WSW AI x2","20.0","Weekly","null","Weekly","null","{""MinBalance"": null}","null","{""Chain"": []}"
"50040493","WSW AI x2","64180","50061305","MT4 Live 5",\N,"WSWAIMSX2","20.0","Weekly","null","Weekly","null","{""MinBalance"": null}","null","{""Chain"": [{""Share"": 50.0, ""ServerId"": null, ""ExternalAccount"": 50047290}]}"
"50040493","WSW AI x2","64828","50061850","MT4 Live 5",\N,"WSW AI x2","20.0","Weekly","null","Weekly","null","{""MinBalance"": null}","null","{""Chain"": []}"
"50040493","WSW AI x2","65270","50062360","MT4 Live 5",\N,"WSWASX2","20.0","Weekly","null","Weekly","null","{""MinBalance"": null}","null","{""Chain"": [{""Share"": 50.0, ""ServerId"": null, ""ExternalAccount"": 50053874}]}"
"50040493","WSW AI x2","65271","50062359","MT4 Live 5",\N,"WSWASX2","20.0","Weekly","null","Weekly","null","{""MinBalance"": null}","null","{""Chain"": [{""Share"": 50.0, ""ServerId"": null, ""ExternalAccount"": 50053874}]}"
"50040493","WSW AI x2","65471","50062226","MT4 Live 5",\N,"WSW AI x2","20.0","Weekly","null","Weekly","null","{""MinBalance"": null}","null","{""Chain"": []}"
"50040493","WSW AI x2","65486","50062405","MT4 Live 5",\N,"WSWAISRDX2","20.0","Weekly","null","Weekly","null","{""MinBalance"": null}","null","{""Chain"": [{""Share"": 25.0, ""ServerId"": null, ""ExternalAccount"": 50046844}, {""Share"": 37.0, ""ServerId"": null, ""ExternalAccount"": 50043812}]}"
"50040493","WSW AI x2","65520","50062641","MT4 Live 5",\N,"WSWAIMSX2","20.0","Weekly","null","Weekly","null","{""MinBalance"": null}","null","{""Chain"": [{""Share"": 50.0, ""ServerId"": null, ""ExternalAccount"": 50047290}]}"
"50040493","WSW AI x2","65682","50062718","MT4 Live 5",\N,"WSW AI x2","20.0","Weekly","null","Weekly","null","{""MinBalance"": null}","null","{""Chain"": []}"
"50040493","WSW AI x2","65710","50061603","MT4 Live 5",\N,"WSW AI x2","20.0","Weekly","null","Weekly","null","{""MinBalance"": null}","null","{""Chain"": []}"
"50040493","WSW AI x2","65744","50062767","MT4 Live 5",\N,"WSW AI x2","20.0","Weekly","null","Weekly","null","{""MinBalance"": null}","null","{""Chain"": []}"
"50040493","WSW AI x2","65860","50062865","MT4 Live 5",\N,"WSW AI x2","20.0","Weekly","null","Weekly","null","{""MinBalance"": null}","null","{""Chain"": []}"
"50040493","WSW AI x2","66738","50063596","MT4 Live 5",\N,"WSW AI x2","20.0","Weekly","null","Weekly","null","{""MinBalance"": null}","null","{""Chain"": []}"
"50040493","WSW AI x2","67044","50063890","MT4 Live 5",\N,"WSWASX2","20.0","Weekly","null","Weekly","null","{""MinBalance"": null}","null","{""Chain"": [{""Share"": 50.0, ""ServerId"": null, ""ExternalAccount"": 50053874}]}"
"50040493","WSW AI x2","67067","50063926","MT4 Live 5",\N,"WSW AI x2","20.0","Weekly","null","Weekly","null","{""MinBalance"": null}","null","{""Chain"": []}"
"50040493","WSW AI x2","67946","50064661","MT4 Live 5",\N,"WSW AI x2","20.0","Weekly","null","Weekly","null","{""MinBalance"": null}","null","{""Chain"": []}"
"50040493","WSW AI x2","68247","50065148","MT4 Live 5",\N,"WSW AI x2","20.0","Weekly","null","Weekly","null","{""MinBalance"": null}","null","{""Chain"": []}"
"50040493","WSW AI x2","68262","50065145","MT4 Live 5",\N,"WSW AI x2","20.0","Weekly","null","Weekly","null","{""MinBalance"": null}","null","{""Chain"": []}"
"50040493","WSW AI x2","68735","50065606","MT4 Live 5",\N,"WSW AI x2","20.0","Weekly","null","Weekly","null","{""MinBalance"": null}","null","{""Chain"": []}"
"50040493","WSW AI x2","69138","50066256","MT4 Live 5",\N,"WSWAISRDX2","20.0","Weekly","null","Weekly","null","{""MinBalance"": null}","null","{""Chain"": [{""Share"": 25.0, ""ServerId"": null, ""ExternalAccount"": 50046844}, {""Share"": 37.0, ""ServerId"": null, ""ExternalAccount"": 50043812}]}"
"50040493","WSW AI x2","69213","50066386","MT4 Live 5",\N,"WSWAISRDX2","20.0","Weekly","null","Weekly","null","{""MinBalance"": null}","null","{""Chain"": [{""Share"": 25.0, ""ServerId"": null, ""ExternalAccount"": 50046844}, {""Share"": 37.0, ""ServerId"": null, ""ExternalAccount"": 50043812}]}"
"50040493","WSW AI x2","69245","50066440","MT4 Live 5",\N,"WSW AI x2","20.0","Weekly","null","Weekly","null","{""MinBalance"": null}","null","{""Chain"": []}"
"50040493","WSW AI x2","69372","50065211","MT4 Live 5",\N,"WSW AI x2","20.0","Weekly","null","Weekly","null","{""MinBalance"": null}","null","{""Chain"": []}"
"50040493","WSW AI x2","69811","50067281","MT4 Live 5",\N,"WSW AI x2","20.0","Weekly","null","Weekly","null","{""MinBalance"": null}","null","{""Chain"": []}"
"50040493","WSW AI x2","70948","50068034","MT4 Live 5",\N,"WSW AI x2","20.0","Weekly","null","Weekly","null","{""MinBalance"": null}","null","{""Chain"": []}"
"50040493","WSW AI x2","71139","50068143","MT4 Live 5",\N,"WSW AI x2","20.0","Weekly","null","Weekly","null","{""MinBalance"": null}","null","{""Chain"": []}"
"50040493","WSW AI x2","71646","50068609","MT4 Live 5",\N,"WSWASX2","20.0","Weekly","null","Weekly","null","{""MinBalance"": null}","null","{""Chain"": [{""Share"": 50.0, ""ServerId"": null, ""ExternalAccount"": 50053874}]}"
"50040493","WSW AI x2","71728","50068650","MT4 Live 5",\N,"WSW AI x2","20.0","Weekly","null","Weekly","null","{""MinBalance"": null}","null","{""Chain"": []}"
"50040493","WSW AI x2","72067","50064461","MT4 Live 5",\N,"WSWAILH","20.0","Weekly","null","Weekly","null","{""MinBalance"": null}","null","{""Chain"": [{""Share"": 50.0, ""ServerId"": null, ""ExternalAccount"": 9015417}]}"
"50040493","WSW AI x2","72321","50069087","MT4 Live 5",\N,"WSW AI x2","20.0","Weekly","null","Weekly","null","{""MinBalance"": null}","null","{""Chain"": []}"
"50040493","WSW AI x2","73213","50066257","MT4 Live 5",\N,"WSWAIGL","20.0","Weekly","null","Weekly","null","{""MinBalance"": null}","null","{""Chain"": [{""Share"": 50.0, ""ServerId"": null, ""ExternalAccount"": 50013966}]}"
"50040493","WSW AI x2","73546","50070378","MT4 Live 5",\N,"WSWAIRA","20.0","Weekly","null","Weekly","null","{""MinBalance"": null}","null","{""Chain"": [{""Share"": 25.0, ""ServerId"": null, ""ExternalAccount"": 50053874}, {""Share"": 25.0, ""ServerId"": null, ""ExternalAccount"": 50059761}]}"
"50040493","WSW AI x2","73812","50070728","MT4 Live 5",\N,"WSWAIR","20.0","Weekly","null","Weekly","null","{""MinBalance"": null}","null","{""Chain"": [{""Share"": 50.0, ""ServerId"": null, ""ExternalAccount"": 50065145}]}"
"50040493","WSW AI x2","74160","50070245","MT4 Live 5",\N,"WSWSMX2","20.0","Weekly","null","Weekly","null","{""MinBalance"": null}","null","{""Chain"": [{""Share"": 50.0, ""ServerId"": null, ""ExternalAccount"": 50012392}]}"
"50040493","WSW AI x2","74696","50071907","MT4 Live 5",\N,"WSW AI x2","20.0","Weekly","null","Weekly","null","{""MinBalance"": null}","null","{""Chain"": []}"
"50040493","WSW AI x2","74948","50072385","MT4 Live 5",\N,"WSW AI x2","20.0","Weekly","null","Weekly","null","{""MinBalance"": null}","null","{""Chain"": []}"
"50040493","WSW AI x2","75608","50073354","MT4 Live 5",\N,"WSWAISRDX2","20.0","Weekly","null","Weekly","null","{""MinBalance"": null}","null","{""Chain"": [{""Share"": 25.0, ""ServerId"": null, ""ExternalAccount"": 50046844}, {""Share"": 37.0, ""ServerId"": null, ""ExternalAccount"": 50043812}]}"
